formulation,model_case,target,RMSE_ug_cm2,MAE_ug_cm2,R2,n
Free KC,Case 2,Receptor time-course,0.9245048456272272,0.795075049621716,0.9907454950245123,5
Free KC,Case 2,SC 24 h endpoint,0.0006231306977655393,0.0006231306977655393,,1
Free KC,Case 2,EP/dermis 24 h endpoint,0.012809659489829706,0.012809659489829706,,1
KLZ-NPs,Case 2,Receptor time-course,0.2491467388417673,0.19784146139507447,0.9995245492448722,5
KLZ-NPs,Case 2,SC 24 h endpoint,0.000687866029529971,0.000687866029529971,,1
KLZ-NPs,Case 2,EP/dermis 24 h endpoint,0.015316654650918693,0.015316654650918693,,1
